model,elpd_loo
nonparametric,-5751.582701544437
maximin,-5784.516547134244
lr,-6057.390274207555
prag,-6073.275790332992
