model,weight
nonparametric,0.9999999999999951
maximin,4.9775151721777394e-15
lr,1.5468872796303739e-133
prag,1.9519409384894417e-140
