model,weight
nonparametric,0.9999999999999942
maximin,5.755790251674348e-15
lr,2.2618104703161604e-133
prag,2.399474651112119e-140
