model,elpd_loo
nonparametric,-5751.748972883441
maximin,-5784.537542929936
lr,-6057.176624666008
prag,-6073.235636084584
